"303C25DB-26E2-63EB-AA51-81D43E1E1681",1
"1F763A32-782F-0FDB-23B5-CCFF65125010",2
"A24FD18D-EB3D-79A3-B7A0-725BC9F76FA6",3
"CF827977-DCC2-450C-3BB3-AB7C74C4E9D5",4
"3FE88146-9FDB-4583-9816-B6161668D037",5
"D5F87D21-2BD2-638C-6EAE-8BC28BAB71DA",6
"406607EE-FD3F-DF45-3F87-CC3AE1D76370",7
"57932121-ECBF-DFDE-8AC5-DAA8408BB4FD",8
"9E60926E-6436-C74B-502E-A9074B98C656",9
"68BF43E7-F38D-FE3E-39A0-B5DE82AFFFD5",10
"145A6133-6128-094B-0FDA-64A6BB244184",11
"DA944CD9-A231-9D56-B778-374A21775F4F",12
"D272688A-8009-4C41-D3FC-9066574E217D",13
"786A303B-D101-0AEF-387B-0DA2D3E9AD93",14
"546970F9-FA5B-0EF5-7A8B-039AFFF617EC",15
"F852C9BA-F1B1-63CE-C4A7-8AF4201E6A85",16
"32525F46-9B63-4226-B5D0-DBA908F09526",17
"8D41BEC2-BF97-F74B-3D06-5B4C1E513531",18
"5B417E32-5EF9-CA7D-E549-6DEB5C88171D",19
"8A770A82-FEBC-F534-7986-403CCB7D7B16",20
44697249-F3C1-66A2-CC5F-8E7125A5988E,21
B2700ED5-4C46-0655-E5D2-994165158B6B,22
3496271B-4022-6B17-156D-67C6F30CBAED,23
14F22607-4D06-4219-D71D-71EF0C080960,24
6369DDAA-AFCB-0404-1A44-5CDD39861D39,25
03C2A2FA-7DDF-112F-9834-896FAEA5C022,26
481F8E29-A0B2-6453-8867-8B9A7360EE16,27
A0502CE9-9E7A-2D6D-BA32-69CDB8DE1154,28
F00841AE-8D60-AC30-EBB5-82B74EA3B288,29
1E4EAD1C-24DF-4EAB-4200-317BC6E98273,30
7EAE7C6E-DC06-4A65-2036-F96FD3B3ED59,31
84EC9524-C66F-A5E2-8CD3-7889626733C9,32
FB2EC456-FFB4-B544-C543-B1518A21D20B,33
B36AB9D1-D517-218C-15DF-C2F8FB374348,34
0F18DBE1-1813-3243-B430-99D1B6F8BE1A,35
D465A8EF-F767-2CA5-3D7F-A82DA16E7E39,36
7A435CB3-CA6F-B894-3BCF-FFEF8337ECD6,37
3E812387-F060-959A-2FA1-74A8BBCB68AC,38
862DC8EC-BF09-FA03-34FE-DE58E2603746,39
E27F8DC7-8984-39FD-582F-081CD52004E6,40
4AA47327-1E5F-3952-B09C-6CDDC953D92B,41
30D866BF-CB42-FD6D-9502-25C91B568128,42
3035601B-BFA9-1BD1-9CFA-9B3AAAE212F2,43
F19281AD-6C9F-343B-164E-A95699A93915,44
9226201E-F1D7-7FB9-3407-55ED04C72CD8,45
FD0C9FE6-D882-AC9C-165E-93E413BD34CC,46
0F7A3EB2-483A-5D5B-BD04-6F84E7631FDE,47
A80AB35E-B21D-7AF8-B348-31B4488B90A2,48
8982CBF7-A34C-9674-045D-F3C13CA638BE,49
B95449F3-F17D-74C2-728E-78DF0C0AFC42,50
5959D115-64CD-5076-9C5E-DE3FD9AFB0CA,51
03CFB50B-C60A-051B-A884-F2FE8E1669D4,52
04DBA23C-3533-5EC9-D859-4CB34C58F51D,53
48D37153-D53A-2EFE-D2DF-8363E0E340CF,54
1E816B76-1364-B455-0CB1-FBD9C381C6BC,55
D27600E4-2687-2E7C-C96F-CF10E027EE71,56
86D7FD6F-DB90-8CDC-595B-D8F589ED00AE,57
1CE3F011-7C73-0A22-A1C7-E110EA2D726A,58
63102546-7F7C-BAEB-95B4-5A0FA786BDBB,59
FEC9EE1E-7D0D-CCA7-7F91-76D5391410D9,60
A6D50F9F-8700-B4E7-C9B4-8C7D27597B4E,61
B766E8B9-83C8-68D1-3F30-450146B2D83D,62
6141F050-7734-B8F4-7EB9-901E21050420,63
29DEAF08-02DD-89D6-DC47-B8F7C01BFB3D,64
6EF4656C-3448-545C-273F-C0F74506A55A,65
EA9CBA4F-6D9B-37C8-4FE4-91BC650066D4,66
95FA27C3-18ED-85C3-2C81-D8EF12D3C361,67
2DD8EC89-814B-C5CB-478B-3E9C89467778,68
9615F5EA-7749-111D-9129-1F8DE57AFDC1,69
E11D9E2B-1965-6DB8-BACD-01D91DE4DF1B,70
8D751DCE-F4CA-5098-F836-0BE541D67435,71
1E364DEE-B01D-CECB-069D-452F13DBF72A,72
C41A5C6E-3BFC-3E40-EA64-30AA7FFC8065,73
F2C0E102-88D7-FBA9-68E2-DF5BE65EA7CE,74
81F2C369-4D4B-D4D7-C33C-3DE748246F42,75
9E0649F5-642A-16AD-3D93-8F8115C8CED9,76
B9DD5B22-E647-D590-F3D4-9FAFF2465481,77
D8909166-F28A-293F-C95B-A1018BE1F084,78
A11F19DA-5E7A-3C9F-9E54-AF9D8133237C,79
51AA9C95-FDF5-BDA9-B545-7D07D64BBA62,80
08E412DF-79BB-6689-5C94-19F744BECF6C,81
1829AD78-EA82-7F0B-C79D-312259D5CCAD,82
79E5C5A2-F02C-ED27-01C2-82A511CFC9E3,83
66735E90-2F1B-CD14-2D57-05E043BB73F7,84
4C704CD9-1411-439E-AB0B-1149F58524A2,85
93E9EC56-551B-95FC-9849-256C3CF8B634,86
CFED8933-56AA-C955-BDB8-362D38A82C25,87
1A706785-5133-B155-80C5-3B5C5C0DF11B,88
620F14BC-B7A5-1C51-D897-7A1731FFC65F,89
19A8B57C-115E-D24C-FC07-EBD633704E7D,90
71D5EA90-5039-4788-CD24-7B41665B883E,91
153791A1-ECAD-5106-D621-A513F163AB03,92
C8F03A86-DDAD-FFAC-D193-C2F74056587D,93
6B8F10D3-88D3-0DD5-03E6-9D326C44CBDE,94
06F6EFF0-06A7-8BA1-74F7-13099900CC3E,95
9AF3EA0E-3ADB-3916-EFFB-C36434CF70A1,96
6B7463E8-55F9-AD67-5822-62D60FC16DF7,97
7DBBB516-6A5A-BEDE-27FE-EFEC49EC7A3D,98
7B3C57A2-84B1-3C8E-CB38-843089F70650,99
1F295BCC-764E-F133-AD6F-69BB1D7EE24A,100